Identifier;Code;Start_Year;End_Year;Public;Type;Name_En;Name_Fr;Name_Es;Name_Ar;Name_Zh;Name_Ru;ShortName_En;ShortName_Fr;ShortName_Es;ShortName_Ar;ShortName_Zh;ShortName_Ru;Definition;ScopeNote;HistoryNote;EditorialNote;SubSet
4;AFA;1,925;2,003;;;Afghani;Afghani;Afghani;;;;Afghani;Afghani;Afghani;;;;;;;;
8;ALL;1,965;;;;Lek;Lek;Lek;;;;Lek;Lek;Lek;;;;;;;;
12;DZD;;;;;Algerian Dinar;Algerian Dinar;Algerian Dinar;;;;Algerian Dinar;Algerian Dinar;Algerian Dinar;;;;;;;;
20;ADP;1,869;2,001;;;Andorran Peseta;Andorran Peseta;Andorran Peseta;;;;Andorran Peseta;Andorran Peseta;Andorran Peseta;;;;;;;;
24;AON;1,990;1,995;;;New Kwanza;Kwanza Nouveau;Kwanza Nuevo;;;;New Kwanza;Kwanza Nouveau;Kwanza Nuevo;;;;;;;;
31;AZM;1,992;2,005;;;Azerbaijan Manat;Azerbaijan Manat;Azerbaijan Manat;;;;Azerbaijan Manat;Azerbaijan Manat;Azerbaijan Manat;;;;;;;;
32;ARS;1,992;;;;Argentine Peso;Argentine Peso;Argentine Peso;;;;Argentine Peso;Argentine Peso;Argentine Peso;;;;;;;;
36;AUD;;;;;Australian Dollar;Australian Dollar;Australian Dollar;;;;Australian Dollar;Australian Dollar;Australian Dollar;;;;;;;;
40;ATS;;1,998;;;Schilling;Schilling;Schilling;;;;Schilling;Schilling;Schilling;;;;;;;;
44;BSD;;;;;Bahamian Dollar;Bahamian Dollar;Bahamian Dollar;;;;Bahamian Dollar;Bahamian Dollar;Bahamian Dollar;;;;;;;;
48;BHD;;;;;Bahraini Dinar;Bahraini Dinar;Bahraini Dinar;;;;Bahraini Dinar;Bahraini Dinar;Bahraini Dinar;;;;;;;;
50;BDT;;;;;Taka;Taka;Taka;;;;Taka;Taka;Taka;;;;;;;;
51;AMD;;;;;Armenian Dram;Armenian Dram;Armenian Dram;;;;Armenian Dram;Armenian Dram;Armenian Dram;;;;;;;;
52;BBD;;;;;Barbados Dollar;Barbados Dollar;Barbados Dollar;;;;Barbados Dollar;Barbados Dollar;Barbados Dollar;;;;;;;;
56;BEF;;1,998;;;Belgian Franc;Belgian Franc;Belgian Franc;;;;Belgian Franc;Belgian Franc;Belgian Franc;;;;;;;;
60;BMD;;;;;Bermudian Dollar;Bermudian Dollar;Bermudian Dollar;;;;Bermudian Dollar;Bermudian Dollar;Bermudian Dollar;;;;;;;;
64;BTN;;;;;Ngultrum;Ngultrum;Ngultrum;;;;Ngultrum;Ngultrum;Ngultrum;;;;;;;;
68;BOB;1,987;;;;Boliviano;Boliviano;Boliviano;;;;Boliviano;Boliviano;Boliviano;;;;;;;;
70;BAD;1,992;1,998;;;Bosnia and Herzegovina dinar;Bosnia and Herzegovina dinar;Bosnia and Herzegovina dinar;;;;Bosnia and Herzegovina dinar;Bosnia and Herzegovina dinar;Bosnia and Herzegovina dinar;;;;;;;;
72;BWP;;;;;Pula;Pula;Pula;;;;Pula;Pula;Pula;;;;;;;;
76;BRR;1,993;1,994;;;Cruziero Real;Cruziero Real;Cruziero Real;;;;Cruziero Real;Cruziero Real;Cruziero Real;;;;;;;;
84;BZD;;;;;Belize Dollar;Belize Dollar;Belize Dollar;;;;Belize Dollar;Belize Dollar;Belize Dollar;;;;;;;;
90;SBD;;;;;Solomon Islands Dollar;Solomon Islands Dollar;Solomon Islands Dollar;;;;Solomon Islands Dollar;Solomon Islands Dollar;Solomon Islands Dollar;;;;;;;;
96;BND;;;;;Brunei Dollar;Brunei Dollar;Brunei Dollar;;;;Brunei Dollar;Brunei Dollar;Brunei Dollar;;;;;;;;
100;BGL;1,962;1,999;;;Bulgarian Lev;Bulgarian Lev;Bulgarian Lev;;;;Bulgarian Lev;Bulgarian Lev;Bulgarian Lev;;;;;;;;
104;MMK;1,990;;;;Kyat;Kyat;Kyat;;;;Kyat;Kyat;Kyat;;;;;;;;
108;BIF;;;;;Burundi Franc;Burundi Franc;Burundi Franc;;;;Burundi Franc;Burundi Franc;Burundi Franc;;;;;;;;
112;BYB;1,992;1,999;;;Belarusian Ruble;Belarusian Ruble;Belarusian Ruble;;;;Belarusian Ruble;Belarusian Ruble;Belarusian Ruble;;;;;;;;
116;KHR;;;;;Riel;Riel;Riel;;;;Riel;Riel;Riel;;;;;;;;
124;CAD;;;;;Canadian Dollar;Canadian Dollar;Canadian Dollar;;;;Canadian Dollar;Canadian Dollar;Canadian Dollar;;;;;;;;
132;CVE;;;;;Cabo Verde Escudo;Cabo Verde Escudo;Cabo Verde Escudo;;;;Cabo Verde Escudo;Cabo Verde Escudo;Cabo Verde Escudo;;;;;;;;
136;KYD;;;;;Cayman Islands Dollar;Cayman Islands Dollar;Cayman Islands Dollar;;;;Cayman Islands Dollar;Cayman Islands Dollar;Cayman Islands Dollar;;;;;;;;
144;LKR;;;;;Sri Lanka Rupee;Sri Lanka Rupee;Sri Lanka Rupee;;;;Sri Lanka Rupee;Sri Lanka Rupee;Sri Lanka Rupee;;;;;;;;
152;CLP;;;;;Chilean Peso;Chilean Peso;Chilean Peso;;;;Chilean Peso;Chilean Peso;Chilean Peso;;;;;;;;
156;CNY;;;;;Yuan Renminbi;Yuan Renminbi;Yuan Renminbi;;;;Yuan Renminbi;Yuan Renminbi;Yuan Renminbi;;;;;;;;
170;COP;;;;;Colombian Peso;Colombian Peso;Colombian Peso;;;;Colombian Peso;Colombian Peso;Colombian Peso;;;;;;;;
174;KMF;;;;;Comorian Franc ;Comorian Franc ;Comorian Franc ;;;;Comorian Franc ;Comorian Franc ;Comorian Franc ;;;;;;;;
180;ZRN;1,993;1,998;;;New Zaire;New Zaire;New Zaire;;;;New Zaire;New Zaire;New Zaire;;;;;;;;
188;CRC;;;;;Costa Rican Colon;Costa Rican Colon;Costa Rican Colon;;;;Costa Rican Colon;Costa Rican Colon;Costa Rican Colon;;;;;;;;
191;HRK;1,995;;;;Kuna;Kuna;Kuna;;;;Kuna;Kuna;Kuna;;;;;;;;
192;CUP;;;;;Cuban Peso;Cuban Peso;Cuban Peso;;;;Cuban Peso;Cuban Peso;Cuban Peso;;;;;;;;
196;CYP;;2,006;;;Cypriot Pound;Cypriot Pound;Cypriot Pound;;;;Cypriot Pound;Cypriot Pound;Cypriot Pound;;;;;;;;
200;CSK;;1,993;;;Czechoslovak Koruna;Czechoslovak Koruna;Czechoslovak Koruna;;;;Czechoslovak Koruna;Czechoslovak Koruna;Czechoslovak Koruna;;;;;;;;
203;CZK;1,993;;;;Czech Koruna;Czech Koruna;Czech Koruna;;;;Czech Koruna;Czech Koruna;Czech Koruna;;;;;;;;
208;DKK;;;;;Danish Krone;Danish Krone;Danish Krone;;;;Danish Krone;Danish Krone;Danish Krone;;;;;;;;
214;DOP;;;;;Dominican Peso;Dominican Peso;Dominican Peso;;;;Dominican Peso;Dominican Peso;Dominican Peso;;;;;;;;
218;ECS;;2,000;;;Ecuadorian Sucre;Ecuadorian Sucre;Ecuadorian Sucre;;;;Ecuadorian Sucre;Ecuadorian Sucre;Ecuadorian Sucre;;;;;;;;
222;SVC;1,891;2,001;;;El Salvador Colon;El Salvador Colon;El Salvador Colon;;;;El Salvador Colon;El Salvador Colon;El Salvador Colon;;;;;;;;
226;GQE;1,975;1,985;;;Ekwele;Ekwele;Ekwele;;;;Ekwele;Ekwele;Ekwele;;;;;;;;
230;ETB;;;;;Ethiopian Birr;Ethiopian Birr;Ethiopian Birr;;;;Ethiopian Birr;Ethiopian Birr;Ethiopian Birr;;;;;;;;
232;ERN;1,998;;;;Nakfa;Nakfa;Nakfa;;;;Nakfa;Nakfa;Nakfa;;;;;;;;
233;EEK;;2,010;;;Kroon;Kroon;Kroon;;;;Kroon;Kroon;Kroon;;;;;;;;
238;FKP;;;;;Falkland Islands Pound;Falkland Islands Pound;Falkland Islands Pound;;;;Falkland Islands Pound;Falkland Islands Pound;Falkland Islands Pound;;;;;;;;
242;FJD;;;;;Fiji Dollar;Fiji Dollar;Fiji Dollar;;;;Fiji Dollar;Fiji Dollar;Fiji Dollar;;;;;;;;
246;FIM;;1,998;;;Markka;Markka;Markka;;;;Markka;Markka;Markka;;;;;;;;
250;FRF;;1,998;;;French Franc;French Franc;French Franc;;;;French Franc;French Franc;French Franc;;;;;;;;
262;DJF;;;;;Djibouti Franc;Djibouti Franc;Djibouti Franc;;;;Djibouti Franc;Djibouti Franc;Djibouti Franc;;;;;;;;
270;GMD;;;;;Dalasi;Dalasi;Dalasi;;;;Dalasi;Dalasi;Dalasi;;;;;;;;
276;DEM;;1,998;;;Deutsche Mark;Deutsche Mark;Deutsche Mark;;;;Deutsche Mark;Deutsche Mark;Deutsche Mark;;;;;;;;
278;DDM;;1,990;;;Mark der DDR;Mark der DDR;Mark der DDR;;;;Mark der DDR;Mark der DDR;Mark der DDR;;;;;;;;
288;GHC;1,967;2,007;;;Cedi;Cedi;Cedi;;;;Cedi;Cedi;Cedi;;;;;;;;
292;GIP;;;;;Gibraltar Pound;Gibraltar Pound;Gibraltar Pound;;;;Gibraltar Pound;Gibraltar Pound;Gibraltar Pound;;;;;;;;
300;GRD;1,954;2,000;;;Drachma;Drachma;Drachma;;;;Drachma;Drachma;Drachma;;;;;;;;
320;GTQ;;;;;Quetzal;Quetzal;Quetzal;;;;Quetzal;Quetzal;Quetzal;;;;;;;;
324;GNF;1,986;;;;Guinean Franc;Guinean Franc;Guinean Franc;;;;Guinean Franc;Guinean Franc;Guinean Franc;;;;;;;;
328;GYD;;;;;Guyana Dollar;Guyana Dollar;Guyana Dollar;;;;Guyana Dollar;Guyana Dollar;Guyana Dollar;;;;;;;;
332;HTG;;;;;Gourde;Gourde;Gourde;;;;Gourde;Gourde;Gourde;;;;;;;;
340;HNL;;;;;Lempira;Lempira;Lempira;;;;Lempira;Lempira;Lempira;;;;;;;;
344;HKD;;;;;Hong Kong Dollar;Hong Kong Dollar;Hong Kong Dollar;;;;Hong Kong Dollar;Hong Kong Dollar;Hong Kong Dollar;;;;;;;;
348;HUF;;;;;Forint;Forint;Forint;;;;Forint;Forint;Forint;;;;;;;;
352;ISK;1,981;;;;Iceland Krona;Iceland Krona;Iceland Krona;;;;Iceland Krona;Iceland Krona;Iceland Krona;;;;;;;;
356;INR;;;;;Indian Rupee;Indian Rupee;Indian Rupee;;;;Indian Rupee;Indian Rupee;Indian Rupee;;;;;;;;
360;IDR;;;;;Rupiah;Rupiah;Rupiah;;;;Rupiah;Rupiah;Rupiah;;;;;;;;
364;IRR;;;;;Iranian Rial;Iranian Rial;Iranian Rial;;;;Iranian Rial;Iranian Rial;Iranian Rial;;;;;;;;
368;IQD;;;;;Iraqi Dinar;Iraqi Dinar;Iraqi Dinar;;;;Iraqi Dinar;Iraqi Dinar;Iraqi Dinar;;;;;;;;
372;IEP;1,938;1,998;;;Irish Pound;Irish Pound;Irish Pound;;;;Irish Pound;Irish Pound;Irish Pound;;;;;;;;
376;ILS;1,986;;;;New Israeli Sheqel;New Israeli Sheqel;New Israeli Sheqel;;;;New Israeli Sheqel;New Israeli Sheqel;New Israeli Sheqel;;;;;;;;
380;ITL;1,861;1,998;;;Italian Lira;Italian Lira;Italian Lira;;;;Italian Lira;Italian Lira;Italian Lira;;;;;;;;
388;JMD;;;;;Jamaican Dollar;Jamaican Dollar;Jamaican Dollar;;;;Jamaican Dollar;Jamaican Dollar;Jamaican Dollar;;;;;;;;
392;JPY;;;;;Yen;Yen;Yen;;;;Yen;Yen;Yen;;;;;;;;
398;KZT;;;;;Tenge;Tenge;Tenge;;;;Tenge;Tenge;Tenge;;;;;;;;
400;JOD;;;;;Jordanian Dinar;Jordanian Dinar;Jordanian Dinar;;;;Jordanian Dinar;Jordanian Dinar;Jordanian Dinar;;;;;;;;
404;KES;;;;;Kenyan Shilling;Kenyan Shilling;Kenyan Shilling;;;;Kenyan Shilling;Kenyan Shilling;Kenyan Shilling;;;;;;;;
408;KPW;;;;;North Korean Won;North Korean Won;North Korean Won;;;;North Korean Won;North Korean Won;North Korean Won;;;;;;;;
410;KRW;;;;;Won;Won;Won;;;;Won;Won;Won;;;;;;;;
414;KWD;;;;;Kuwaiti Dinar;Kuwaiti Dinar;Kuwaiti Dinar;;;;Kuwaiti Dinar;Kuwaiti Dinar;Kuwaiti Dinar;;;;;;;;
417;KGS;;;;;Som;Som;Som;;;;Som;Som;Som;;;;;;;;
418;LAK;1,980;;;;Lao Kip;Lao Kip;Lao Kip;;;;Lao Kip;Lao Kip;Lao Kip;;;;;;;;
422;LBP;;;;;Lebanese Pound;Lebanese Pound;Lebanese Pound;;;;Lebanese Pound;Lebanese Pound;Lebanese Pound;;;;;;;;
426;LSL;1,995;;;;Loti;Loti;Loti;;;;Loti;Loti;Loti;;;;;;;;
428;LVL;1,992;2,012;;;Latvian Lats;Latvian Lats;Latvian Lats;;;;Latvian Lats;Latvian Lats;Latvian Lats;;;;;;;;
430;LRD;;;;;Liberian Dollar;Liberian Dollar;Liberian Dollar;;;;Liberian Dollar;Liberian Dollar;Liberian Dollar;;;;;;;;
434;LYD;1,971;;;;Libyan Dinar;Libyan Dinar;Libyan Dinar;;;;Libyan Dinar;Libyan Dinar;Libyan Dinar;;;;;;;;
440;LTL;1,994;2,014;;;Lithuanian Litas;Lithuanian Litas;Lithuanian Litas;;;;Lithuanian Litas;Lithuanian Litas;Lithuanian Litas;;;;;;;;
442;LUF;1,994;1,998;;;Luxembourg Franc;Luxembourg Franc;Luxembourg Franc;;;;Luxembourg Franc;Luxembourg Franc;Luxembourg Franc;;;;;;;;
446;MOP;;;;;Pataca;Pataca;Pataca;;;;Pataca;Pataca;Pataca;;;;;;;;
450;MGF;1,963;2,004;;;Malagasy Franc;Malagasy Franc;Malagasy Franc;;;;Malagasy Franc;Malagasy Franc;Malagasy Franc;;;;;;;;
454;MWK;;;;;Malawi Kwacha;Malawi Kwacha;Malawi Kwacha;;;;Malawi Kwacha;Malawi Kwacha;Malawi Kwacha;;;;;;;;
458;MYR;;;;;Malaysian Ringgit;Malaysian Ringgit;Malaysian Ringgit;;;;Malaysian Ringgit;Malaysian Ringgit;Malaysian Ringgit;;;;;;;;
462;MVR;1,982;;;;Rufiyaa;Rufiyaa;Rufiyaa;;;;Rufiyaa;Rufiyaa;Rufiyaa;;;;;;;;
466;MLF;1,962;1,984;;;Malian Franc;Malian Franc;Malian Franc;;;;Malian Franc;Malian Franc;Malian Franc;;;;;;;;
470;MTL;1,984;2,007;;;Maltese Lira;Maltese Lira;Maltese Lira;;;;Maltese Lira;Maltese Lira;Maltese Lira;;;;;;;;
478;MRO;1,973;2,017;;;Ouguiya;Ouguiya;Ouguiya;;;;Ouguiya;Ouguiya;Ouguiya;;;;;;;;
480;MUR;;;;;Mauritius Rupee;Mauritius Rupee;Mauritius Rupee;;;;Mauritius Rupee;Mauritius Rupee;Mauritius Rupee;;;;;;;;
484;MXN;1,993;;;;Mexican Peso;Mexican Peso;Mexican Peso;;;;Mexican Peso;Mexican Peso;Mexican Peso;;;;;;;;
496;MNT;;;;;Tugrik;Tugrik;Tugrik;;;;Tugrik;Tugrik;Tugrik;;;;;;;;
498;MDL;;;;;Moldovan Leu;Moldovan Leu;Moldovan Leu;;;;Moldovan Leu;Moldovan Leu;Moldovan Leu;;;;;;;;
504;MAD;;;;;Moroccan Dirham;Moroccan Dirham;Moroccan Dirham;;;;Moroccan Dirham;Moroccan Dirham;Moroccan Dirham;;;;;;;;
508;MZM;1,980;2,006;;;Mozambique Metical;Mozambique Metical;Mozambique Metical;;;;Mozambique Metical;Mozambique Metical;Mozambique Metical;;;;;;;;
512;OMR;;;;;Rial Omani;Rial Omani;Rial Omani;;;;Rial Omani;Rial Omani;Rial Omani;;;;;;;;
516;NAD;1,994;;;;Namibia Dollar;Namibia Dollar;Namibia Dollar;;;;Namibia Dollar;Namibia Dollar;Namibia Dollar;;;;;;;;
524;NPR;;;;;Nepalese Rupee;Nepalese Rupee;Nepalese Rupee;;;;Nepalese Rupee;Nepalese Rupee;Nepalese Rupee;;;;;;;;
528;NLG;;1,998;;;Netherlands Guilder;Netherlands Guilder;Netherlands Guilder;;;;Netherlands Guilder;Netherlands Guilder;Netherlands Guilder;;;;;;;;
532;ANG;;;;;Netherlands Antillean Guilder;Netherlands Antillean Guilder;Netherlands Antillean Guilder;;;;Netherlands Antillean Guilder;Netherlands Antillean Guilder;Netherlands Antillean Guilder;;;;;;;;
533;AWG;;;;;Aruban Florin;Aruban Florin;Aruban Florin;;;;Aruban Florin;Aruban Florin;Aruban Florin;;;;;;;;
548;VUV;;;;;Vatu;Vatu;Vatu;;;;Vatu;Vatu;Vatu;;;;;;;;
554;NZD;;;;;New Zealand Dollar;New Zealand Dollar;New Zealand Dollar;;;;New Zealand Dollar;New Zealand Dollar;New Zealand Dollar;;;;;;;;
558;NIO;1,991;;;;Cordoba Oro;Cordoba Oro;Cordoba Oro;;;;Cordoba Oro;Cordoba Oro;Cordoba Oro;;;;;;;;
566;NGN;;;;;Naira;Naira;Naira;;;;Naira;Naira;Naira;;;;;;;;
578;NOK;;;;;Norwegian Krone;Norwegian Krone;Norwegian Krone;;;;Norwegian Krone;Norwegian Krone;Norwegian Krone;;;;;;;;
586;PKR;;;;;Pakistan Rupee;Pakistan Rupee;Pakistan Rupee;;;;Pakistan Rupee;Pakistan Rupee;Pakistan Rupee;;;;;;;;
590;PAB;;;;;Balboa;Balboa;Balboa;;;;Balboa;Balboa;Balboa;;;;;;;;
598;PGK;;;;;Kina;Kina;Kina;;;;Kina;Kina;Kina;;;;;;;;
600;PYG;;;;;Guarani;Guarani;Guarani;;;;Guarani;Guarani;Guarani;;;;;;;;
604;PEN;1,992;;;;Sol;Sol;Sol;;;;Sol;Sol;Sol;;;;;;;;
608;PHP;;;;;Philippine Peso;Philippine Peso;Philippine Peso;;;;Philippine Peso;Philippine Peso;Philippine Peso;;;;;;;;
616;PLZ;1,950;1,994;;;Zloty;Zloty;Zloty;;;;Zloty;Zloty;Zloty;;;;;;;;
620;PTE;1,911;1,998;;;Portuguese Escudo;Portuguese Escudo;Portuguese Escudo;;;;Portuguese Escudo;Portuguese Escudo;Portuguese Escudo;;;;;;;;
624;GWP;1,975;1,997;;;Guinea-Bissau Peso;Guinea-Bissau Peso;Guinea-Bissau Peso;;;;Guinea-Bissau Peso;Guinea-Bissau Peso;Guinea-Bissau Peso;;;;;;;;
626;TPE;1,959;1,976;;;Timor Escudo;Timor Escudo;Timor Escudo;;;;Timor Escudo;Timor Escudo;Timor Escudo;;;;;;;;
634;QAR;;;;;Qatari Rial;Qatari Rial;Qatari Rial;;;;Qatari Rial;Qatari Rial;Qatari Rial;;;;;;;;
642;ROL;1,952;2,005;;;Romanian Leu;Romanian Leu;Romanian Leu;;;;Romanian Leu;Romanian Leu;Romanian Leu;;;;;;;;
643;RUB;2,008;;;;Russian Ruble;Russian Ruble;Russian Ruble;;;;Russian Ruble;Russian Ruble;Russian Ruble;;;;;;;;
646;RWF;;;;;Rwanda Franc;Rwanda Franc;Rwanda Franc;;;;Rwanda Franc;Rwanda Franc;Rwanda Franc;;;;;;;;
654;SHP;;;;;Saint Helena Pound;Saint Helena Pound;Saint Helena Pound;;;;Saint Helena Pound;Saint Helena Pound;Saint Helena Pound;;;;;;;;
678;STD;1,977;2,018;;;Dobra;Dobra;Dobra;;;;Dobra;Dobra;Dobra;;;;;;;;
682;SAR;;;;;Saudi Riyal;Saudi Riyal;Saudi Riyal;;;;Saudi Riyal;Saudi Riyal;Saudi Riyal;;;;;;;;
690;SCR;;;;;Seychelles Rupee;Seychelles Rupee;Seychelles Rupee;;;;Seychelles Rupee;Seychelles Rupee;Seychelles Rupee;;;;;;;;
694;SLL;;;;;Leone;Leone;Leone;;;;Leone;Leone;Leone;;;;;;;;
702;SGD;;;;;Singapore Dollar;Singapore Dollar;Singapore Dollar;;;;Singapore Dollar;Singapore Dollar;Singapore Dollar;;;;;;;;
703;SKK;1,993;2,008;;;Slovak Koruna;Slovak Koruna;Slovak Koruna;;;;Slovak Koruna;Slovak Koruna;Slovak Koruna;;;;;;;;
704;VND;1,978;;;;Dong;Dong;Dong;;;;Dong;Dong;Dong;;;;;;;;
705;SIT;1,991;2,006;;;Tolar;Tolar;Tolar;;;;Tolar;Tolar;Tolar;;;;;;;;
706;SOS;;;;;Somali Shilling;Somali Shilling;Somali Shilling;;;;Somali Shilling;Somali Shilling;Somali Shilling;;;;;;;;
710;ZAR;;;;;Rand;Rand;Rand;;;;Rand;Rand;Rand;;;;;;;;
716;ZWD;1,980;2,006;;;Zimbabwe Dollar;Zimbabwe Dollar;Zimbabwe Dollar;;;;Zimbabwe Dollar;Zimbabwe Dollar;Zimbabwe Dollar;;;;;;;;
720;YDD;1,965;1,996;;;Yemeni Dinar;Yemeni Dinar;Yemeni Dinar;;;;Yemeni Dinar;Yemeni Dinar;Yemeni Dinar;;;;;;;;
724;ESP;;1,998;;;Spanish Peseta;Spanish Peseta;Spanish Peseta;;;;Spanish Peseta;Spanish Peseta;Spanish Peseta;;;;;;;;
728;SSP;;;;;South Sudanese Pound;South Sudanese Pound;South Sudanese Pound;;;;South Sudanese Pound;South Sudanese Pound;South Sudanese Pound;;;;;;;;
736;SDD;1,992;2,006;;;Sudanese Dinar;Sudanese Dinar;Sudanese Dinar;;;;Sudanese Dinar;Sudanese Dinar;Sudanese Dinar;;;;;;;;
740;SRG;1,942;2,003;;;Suriname Guilder;Suriname Guilder;Suriname Guilder;;;;Suriname Guilder;Suriname Guilder;Suriname Guilder;;;;;;;;
748;SZL;;;;;Lilangeni;Lilangeni;Lilangeni;;;;Lilangeni;Lilangeni;Lilangeni;;;;;;;;
752;SEK;;;;;Swedish Krona;Swedish Krona;Swedish Krona;;;;Swedish Krona;Swedish Krona;Swedish Krona;;;;;;;;
756;CHF;;;;;Swiss Franc;Swiss Franc;Swiss Franc;;;;Swiss Franc;Swiss Franc;Swiss Franc;;;;;;;;
760;SYP;;;;;Syrian Pound;Syrian Pound;Syrian Pound;;;;Syrian Pound;Syrian Pound;Syrian Pound;;;;;;;;
762;TJR;1,995;2,000;;;Tajikistan Ruble;Tajikistan Ruble;Tajikistan Ruble;;;;Tajikistan Ruble;Tajikistan Ruble;Tajikistan Ruble;;;;;;;;
764;THB;;;;;Baht;Baht;Baht;;;;Baht;Baht;Baht;;;;;;;;
776;TOP;;;;;Pa’anga;Pa’anga;Pa’anga;;;;Pa’anga;Pa’anga;Pa’anga;;;;;;;;
780;TTD;;;;;Trinidad and Tobago Dollar;Trinidad and Tobago Dollar;Trinidad and Tobago Dollar;;;;Trinidad and Tobago Dollar;Trinidad and Tobago Dollar;Trinidad and Tobago Dollar;;;;;;;;
784;AED;;;;;UAE Dirham;UAE Dirham;UAE Dirham;;;;UAE Dirham;UAE Dirham;UAE Dirham;;;;;;;;
788;TND;;;;;Tunisian Dinar;Tunisian Dinar;Tunisian Dinar;;;;Tunisian Dinar;Tunisian Dinar;Tunisian Dinar;;;;;;;;
792;TRL;1,843;2,005;;;Turkish Lira;Turkish Lira;Turkish Lira;;;;Turkish Lira;Turkish Lira;Turkish Lira;;;;;;;;
795;TMM;1,993;2,008;;;Turkmenistan Manat;Turkmenistan Manat;Turkmenistan Manat;;;;Turkmenistan Manat;Turkmenistan Manat;Turkmenistan Manat;;;;;;;;
800;UGX;1,988;;;;Uganda Shilling;Uganda Shilling;Uganda Shilling;;;;Uganda Shilling;Uganda Shilling;Uganda Shilling;;;;;;;;
804;UAK;1,992;1,995;;;Karbovanet;Karbovanet;Karbovanet;;;;Karbovanet;Karbovanet;Karbovanet;;;;;;;;
807;MKD;;;;;Denar;Denar;Denar;;;;Denar;Denar;Denar;;;;;;;;
810;RUR;1,992;2,007;;;Russian Ruble;Russian Ruble;Russian Ruble;;;;Russian Ruble;Russian Ruble;Russian Ruble;;;;;;;;
818;EGP;;;;;Egyptian Pound;Egyptian Pound;Egyptian Pound;;;;Egyptian Pound;Egyptian Pound;Egyptian Pound;;;;;;;;
826;GBP;;;;;Pound Sterling;Pound Sterling;Pound Sterling;;;;Pound Sterling;Pound Sterling;Pound Sterling;;;;;;;;
834;TZS;;;;;Tanzanian Shilling;Tanzanian Shilling;Tanzanian Shilling;;;;Tanzanian Shilling;Tanzanian Shilling;Tanzanian Shilling;;;;;;;;
840;USD;;;;;US Dollar;US Dollar;US Dollar;;;;US Dollar;US Dollar;US Dollar;;;;;;;;
858;UYU;1,993;;;;Peso Uruguayo;Peso Uruguayo;Peso Uruguayo;;;;Peso Uruguayo;Peso Uruguayo;Peso Uruguayo;;;;;;;;
860;UZS;;;;;Uzbekistan Sum;Uzbekistan Sum;Uzbekistan Sum;;;;Uzbekistan Sum;Uzbekistan Sum;Uzbekistan Sum;;;;;;;;
862;VEB;1,896;2,007;;;Bolivar;Bolivar;Bolivar;;;;Bolivar;Bolivar;Bolivar;;;;;;;;
882;WST;;;;;Tala;Tala;Tala;;;;Tala;Tala;Tala;;;;;;;;
886;YER;1,996;;;;Yemeni Rial;Yemeni Rial;Yemeni Rial;;;;Yemeni Rial;Yemeni Rial;Yemeni Rial;;;;;;;;
890;YUN;1,990;1,992;;;Yugoslavian Dinar;Yugoslavian Dinar;Yugoslavian Dinar;;;;Yugoslavian Dinar;Yugoslavian Dinar;Yugoslavian Dinar;;;;;;;;
891;YUM;1,993;2,005;;;New  Dinar;New  Dinar;New  Dinar;;;;New  Dinar;New  Dinar;New  Dinar;;;;;;;;
894;ZMK;1,968;2,012;;;Zambian Kwacha;Zambian Kwacha;Zambian Kwacha;;;;Zambian Kwacha;Zambian Kwacha;Zambian Kwacha;;;;;;;;
901;TWD;;;;;New Taiwan Dollar;New Taiwan Dollar;New Taiwan Dollar;;;;New Taiwan Dollar;New Taiwan Dollar;New Taiwan Dollar;;;;;;;;
928;VES;2,018;;;;Bolívar Soberano;Bolívar Soberano;Bolívar Soberano;;;;Bolívar Soberano;Bolívar Soberano;Bolívar Soberano;;;;;;;;
929;MRU;2,018;;;;Ouguiya;Ouguiya;Ouguiya;;;;Ouguiya;Ouguiya;Ouguiya;;;;;;;;
930;STN;2,017;;;;Dobra;Dobra;Dobra;;;;Dobra;Dobra;Dobra;;;;;;;;
931;CUC;;;;;Peso Convertible;Peso Convertible;Peso Convertible;;;;Peso Convertible;Peso Convertible;Peso Convertible;;;;;;;;
932;ZWL;2,009;;;;Zimbabwe Dollar;Zimbabwe Dollar;Zimbabwe Dollar;;;;Zimbabwe Dollar;Zimbabwe Dollar;Zimbabwe Dollar;;;;;;;;
933;BYN;2,016;;;;Belarusian Ruble;Belarusian Ruble;Belarusian Ruble;;;;Belarusian Ruble;Belarusian Ruble;Belarusian Ruble;;;;;;;;
934;TMT;2,009;;;;Turkmenistan New Manat;Turkmenistan New Manat;Turkmenistan New Manat;;;;Turkmenistan New Manat;Turkmenistan New Manat;Turkmenistan New Manat;;;;;;;;
935;ZWR;2,008;2,009;;;Zimbabwe Dollar;Zimbabwe Dollar;Zimbabwe Dollar;;;;Zimbabwe Dollar;Zimbabwe Dollar;Zimbabwe Dollar;;;;;;;;
936;GHS;2,007;;;;Ghana Cedi;Ghana Cedi;Ghana Cedi;;;;Ghana Cedi;Ghana Cedi;Ghana Cedi;;;;;;;;
937;VEF;2,008;2,018;;;Bolivar Fuerte;Bolivar Fuerte;Bolivar Fuerte;;;;Bolivar Fuerte;Bolivar Fuerte;Bolivar Fuerte;;;;;;;;
938;SDG;2,007;;;;Sudanese Pound;Sudanese Pound;Sudanese Pound;;;;Sudanese Pound;Sudanese Pound;Sudanese Pound;;;;;;;;
941;RSD;;;;;Serbian Dinar;Serbian Dinar;Serbian Dinar;;;;Serbian Dinar;Serbian Dinar;Serbian Dinar;;;;;;;;
942;ZWN;2,006;2,008;;;Zimbabwe Dollar;Zimbabwe Dollar;Zimbabwe Dollar;;;;Zimbabwe Dollar;Zimbabwe Dollar;Zimbabwe Dollar;;;;;;;;
943;MZN;2,006;;;;Mozambique Metical;Mozambique Metical;Mozambique Metical;;;;Mozambique Metical;Mozambique Metical;Mozambique Metical;;;;;;;;
944;AZN;2,006;;;;Azerbaijan Manat;Azerbaijan Manat;Azerbaijan Manat;;;;Azerbaijan Manat;Azerbaijan Manat;Azerbaijan Manat;;;;;;;;
946;RON;2,005;;;;Romanian Leu;Romanian Leu;Romanian Leu;;;;Romanian Leu;Romanian Leu;Romanian Leu;;;;;;;;
947;CHE;;;;;WIR Euro;WIR Euro;WIR Euro;;;;WIR Euro;WIR Euro;WIR Euro;;;;;;;;
948;CHW;;;;;WIR Franc;WIR Franc;WIR Franc;;;;WIR Franc;WIR Franc;WIR Franc;;;;;;;;
949;TRY;;;;;Turkish Lira;Turkish Lira;Turkish Lira;;;;Turkish Lira;Turkish Lira;Turkish Lira;;;;;;;;
950;XAF;;;;;CFA Franc BEAC;CFA Franc BEAC;CFA Franc BEAC;;;;CFA Franc BEAC;CFA Franc BEAC;CFA Franc BEAC;;;;;;;;
951;XCD;;;;;East Caribbean Dollar;East Caribbean Dollar;East Caribbean Dollar;;;;East Caribbean Dollar;East Caribbean Dollar;East Caribbean Dollar;;;;;;;;
952;XOF;;;;;CFA Franc BCEAO;CFA Franc BCEAO;CFA Franc BCEAO;;;;CFA Franc BCEAO;CFA Franc BCEAO;CFA Franc BCEAO;;;;;;;;
953;XPF;;;;;CFP Franc;CFP Franc;CFP Franc;;;;CFP Franc;CFP Franc;CFP Franc;;;;;;;;
967;ZMW;2,013;;;;Zambian Kwacha;Zambian Kwacha;Zambian Kwacha;;;;Zambian Kwacha;Zambian Kwacha;Zambian Kwacha;;;;;;;;
968;SRD;2,004;;;;Suriname Dollar;Suriname Dollar;Suriname Dollar;;;;Suriname Dollar;Suriname Dollar;Suriname Dollar;;;;;;;;
969;MGA;2,005;;;;Malagasy Ariary;Malagasy Ariary;Malagasy Ariary;;;;Malagasy Ariary;Malagasy Ariary;Malagasy Ariary;;;;;;;;
971;AFN;2,003;;true;;Afghani;Afghani;Afghani;;;;Afghani;Afghani;Afghani;;;;;;;;
972;TJS;2,002;;;;Somoni;Somoni;Somoni;;;;Somoni;Somoni;Somoni;;;;;;;;
973;AOA;1,999;;;;Kwanza;Kwanza;Kwanza;;;;Kwanza;Kwanza;Kwanza;;;;;;;;
974;BYR;2,000;2,016;;;Belarusian Ruble;Belarusian Ruble;Belarusian Ruble;;;;Belarusian Ruble;Belarusian Ruble;Belarusian Ruble;;;;;;;;
975;BGN;1,999;;;;Bulgarian Lev;Bulgarian Lev;Bulgarian Lev;;;;Bulgarian Lev;Bulgarian Lev;Bulgarian Lev;;;;;;;;
976;CDF;1,999;;;;Congolese Franc;Congolese Franc;Congolese Franc;;;;Congolese Franc;Congolese Franc;Congolese Franc;;;;;;;;
977;BAM;;;;;Convertible Mark;Convertible Mark;Convertible Mark;;;;Convertible Mark;Convertible Mark;Convertible Mark;;;;;;;;
978;EUR;1,999;;;;Euro;Euro;Euro;;;;Euro;Euro;Euro;;;;;;;;
980;UAH;1,996;;;;Hryvnia;Hryvnia;Hryvnia;;;;Hryvnia;Hryvnia;Hryvnia;;;;;;;;
981;GEL;;;;;Lari;Lari;Lari;;;;Lari;Lari;Lari;;;;;;;;
982;AOR;1,995;1,999;;;Kwanza readjusted;Kwanza reajustado;Kwanza reajustado;;;;Kwanza readjusted;Kwanza reajustado;Kwanza reajustado;;;;;;;;
984;BOV;;;;;Mvdol;Mvdol;Mvdol;;;;Mvdol;Mvdol;Mvdol;;;;;;;;
985;PLN;1,995;;;;Zloty;Zloty;Zloty;;;;Zloty;Zloty;Zloty;;;;;;;;
986;BRL;1,995;;;;Brazilian Real;Brazilian Real;Brazilian Real;;;;Brazilian Real;Brazilian Real;Brazilian Real;;;;;;;;
1,001;AOK;1,997;1,990;;;Kwanza;Kwanza;Kwanza;;;;Kwanza;Kwanza;Kwanza;;;;;;;;
1,002;ARM;1,881;1,969;;;Peso Moneda Nacional;Peso Moneda Nacional;Peso Moneda Nacional;;;;Peso Moneda Nacional;Peso Moneda Nacional;Peso Moneda Nacional;;;;;;;;
1,003;ARL;1,970;1,983;;;Argentine Peso Ley;Argentine Peso Ley;Argentine Peso Ley;;;;Argentine Peso Ley;Argentine Peso Ley;Argentine Peso Ley;;;;;;;;
1,004;ARP;1,983;1,985;;;Argentine Peso;Argentine Peso;Argentine Peso;;;;Argentine Peso;Argentine Peso;Argentine Peso;;;;;;;;
1,005;ARA;1,985;1,991;;;Argentine Austral;Argentine Austral;Argentine Austral;;;;Argentine Austral;Argentine Austral;Argentine Austral;;;;;;;;
1,006;BGJ;1,832;1,952;;;Bulgarian Lev;Bulgarian Lev;Bulgarian Lev;;;;Bulgarian Lev;Bulgarian Lev;Bulgarian Lev;;;;;;;;
1,007;BGK;1,952;1,962;;;Bulgarian Lev;Bulgarian Lev;Bulgarian Lev;;;;Bulgarian Lev;Bulgarian Lev;Bulgarian Lev;;;;;;;;
1,008;BOP;;1,986;;;Bolivian Peso;Bolivian Peso;Bolivian Peso;;;;Bolivian Peso;Bolivian Peso;Bolivian Peso;;;;;;;;
1,009;BRB;1,970;1,986;;;Cruziero;Cruziero;Cruziero;;;;Cruziero;Cruziero;Cruziero;;;;;;;;
1,010;BRC;1,986;1,989;;;Cruzado;Cruzado;Cruzado;;;;Cruzado;Cruzado;Cruzado;;;;;;;;
1,011;BRN;1,989;1,990;;;New Cruzado;New Cruzado;New Cruzado;;;;New Cruzado;New Cruzado;New Cruzado;;;;;;;;
1,012;BRE;1,990;1,993;;;Cruziero;Cruziero;Cruziero;;;;Cruziero;Cruziero;Cruziero;;;;;;;;
1,013;BUK;;1,989;;;Kyat;Kyat;Kyat;;;;Kyat;Kyat;Kyat;;;;;;;;
1,014;GNS;1,971;1,985;;;Syli;Syli;Syli;;;;Syli;Syli;Syli;;;;;;;;
1,015;HRD;1,991;1,994;;;Croatian Dinar;Croatian Dinar;Croatian Dinar;;;;Croatian Dinar;Croatian Dinar;Croatian Dinar;;;;;;;;
1,016;ILP;1,948;1,980;;;Israeli Pound;Israeli Pound;Israeli Pound;;;;Israeli Pound;Israeli Pound;Israeli Pound;;;;;;;;
1,017;ILR;1,980;1,985;;;Israeli Shekel;Israeli Shekel;Israeli Shekel;;;;Israeli Shekel;Israeli Shekel;Israeli Shekel;;;;;;;;
1,018;ISJ;1,922;1,981;;;Iceland Krona;Iceland Krona;Iceland Krona;;;;Iceland Krona;Iceland Krona;Iceland Krona;;;;;;;;
1,019;LAJ;1,965;1,979;;;Lao Kip;Lao Kip;Lao Kip;;;;Lao Kip;Lao Kip;Lao Kip;;;;;;;;
1,020;LSM;;1,985;;;Maloti;Maloti;Maloti;;;;Maloti;Maloti;Maloti;;;;;;;;
1,021;LTT;;1,993;;;Talonas;Talonas;Talonas;;;;Talonas;Talonas;Talonas;;;;;;;;
1,022;LYP;1,951;1,971;;;Libyan Pound;Libyan Pound;Libyan Pound;;;;Libyan Pound;Libyan Pound;Libyan Pound;;;;;;;;
1,023;MTP;;1,983;;;Maltese Pound;Maltese Pound;Maltese Pound;;;;Maltese Pound;Maltese Pound;Maltese Pound;;;;;;;;
1,024;MVQ;;1,981;;;Maldivian Rupee;Maldivian Rupee;Maldivian Rupee;;;;Maldivian Rupee;Maldivian Rupee;Maldivian Rupee;;;;;;;;
1,025;MXP;;1,992;;;Mexican Peso;Mexican Peso;Mexican Peso;;;;Mexican Peso;Mexican Peso;Mexican Peso;;;;;;;;
1,026;MZE;1,914;1,979;;;Mozambique Escudo;Mozambique Escudo;Mozambique Escudo;;;;Mozambique Escudo;Mozambique Escudo;Mozambique Escudo;;;;;;;;
1,027;NIC;1,988;1,990;;;Cordoba;Cordoba;Cordoba;;;;Cordoba;Cordoba;Cordoba;;;;;;;;
1,028;PES;1,863;1,984;;;Sol;Sol;Sol;;;;Sol;Sol;Sol;;;;;;;;
1,029;PEI;1,985;1,991;;;Inti;Inti;Inti;;;;Inti;Inti;Inti;;;;;;;;
1,030;SDP;1,956;1,992;;;Sudanese Pound;Sudanese Pound;Sudanese Pound;;;;Sudanese Pound;Sudanese Pound;Sudanese Pound;;;;;;;;
1,031;SUR;1,961;1,991;;;Ruble;Ruble;Ruble;;;;Ruble;Ruble;Ruble;;;;;;;;
1,032;UGS;1,966;1,987;;;Uganda Shilling;Uganda Shilling;Uganda Shilling;;;;Uganda Shilling;Uganda Shilling;Uganda Shilling;;;;;;;;
1,033;UYP;1,896;1,975;;;Uruguayan Peso;Uruguayan Peso;Uruguayan Peso;;;;Uruguayan Peso;Uruguayan Peso;Uruguayan Peso;;;;;;;;
1,034;UYN;1,975;1,993;;;Uruguayan New Peso;Uruguayan New Peso;Uruguayan New Peso;;;;Uruguayan New Peso;Uruguayan New Peso;Uruguayan New Peso;;;;;;;;
1,035;VNC;;1,978;;;Old Dong;Old Dong;Old Dong;;;;Old Dong;Old Dong;Old Dong;;;;;;;;
1,036;YUD;1,966;1,989;;;New Yugoslavian Dinar;New Yugoslavian Dinar;New Yugoslavian Dinar;;;;New Yugoslavian Dinar;New Yugoslavian Dinar;New Yugoslavian Dinar;;;;;;;;
1,037;ZRZ;1,967;1,992;;;Zaire;Zaire;Zaire;;;;Zaire;Zaire;Zaire;;;;;;;;
1,038;ZWC;1,970;1,979;;;Rhodesian Dollar;Rhodesian Dollar;Rhodesian Dollar;;;;Rhodesian Dollar;Rhodesian Dollar;Rhodesian Dollar;;;;;;;;
1,039;ALK;1,946;1,965;;;Old Albanian Lek;Old Albanian Lek;Old Albanian Lek;;;;Old Albanian Lek;Old Albanian Lek;Old Albanian Lek;;;;;;;;
1,040;GWE;;1,974;;;Guinean Escudo;Guinean Escudo;Guinean Escudo;;;;Guinean Escudo;Guinean Escudo;Guinean Escudo;;;;;;;;
